{
  "class_name": "PinholeCameraParameters",
  "extrinsic": [
    0.9353,
    -0.1199,
    0.3328,
    0.0,
    0.3531,
    0.3718,
    -0.8585,
    0.0,
    -0.0208,
    0.9205,
    0.3901,
    0.0,
    -0.033,
    -0.0299,
    0.0686,
    1.0
  ],
  "intrinsic": {
    "height": 500,
    "intrinsic_matrix": [
      346.41016151377551,
      0.0,
      0.0,
      0.0,
      346.41016151377551,
      0.0,
      199.5,
      199.5,
      1.0
    ],
    "width": 500
  },
  "version_major": 1,
  "version_minor": 0
}